Date,title,text,meaning_en,hi,audio,part_of_speech,pronunciation_ipa,pronunciation_devanagari,synonyms,antonyms,examples_json
2026-06-01,resilient,resilient,able to recover quickly from difficulties,लचीला,,adjective,/rɪˈzɪliənt/,लचीला,"strong, adaptable",fragile,"[{""en"": ""A resilient team can handle setbacks."", ""hi"": ""एक लचीली टीम असफलताओं को संभाल सकती है।""}]"
2026-06-02,meticulous,meticulous,showing great attention to detail,सूक्ष्मदर्शी,,adjective,/məˈtɪkjələs/,मेटिक्युलस,"careful, precise",careless,"[{""en"": ""She is meticulous in her work."", ""hi"": ""वह अपने काम में बहुत सावधान है।""}]"
2026-06-03,innovate,innovate,to introduce new ideas or methods,नवाचार करना,,verb,/ˈɪnəveɪt/,इनोवेट,"create, pioneer",imitate,"[{""en"": ""Companies must innovate to stay competitive."", ""hi"": ""प्रतिस्पर्धी बने रहने के लिए कंपनियों को नवाचार करना चाहिए।""}]"
2026-06-04,pragmatic,pragmatic,dealing with things realistically,व्यावहारिक,,adjective,/præɡˈmætɪk/,प्रैगमैटिक,"practical, realistic",idealistic,"[{""en"": ""He took a pragmatic approach to the problem."", ""hi"": ""उसने समस्या के प्रति व्यावहारिक दृष्टिकोण अपनाया।""}]"
2026-06-05,cohesive,cohesive,forming a united whole,एकजुट,,adjective,/koʊˈhiːsɪv/,कोहीसिव,"united, integrated",divided,"[{""en"": ""The group remained cohesive under pressure."", ""hi"": ""दबाव में भी समूह एकजुट रहा।""}]"
2026-06-06,diligent,diligent,showing careful and persistent effort,परिश्रमी,,adjective,/ˈdɪlɪdʒənt/,डिलिजेंट,"hardworking, industrious",lazy,"[{""en"": ""She is a diligent employee."", ""hi"": ""वह एक परिश्रमी कर्मचारी है।""}]"
2026-06-07,articulate,articulate,able to express ideas clearly,स्पष्ट वक्ता,,adjective,/ɑːrˈtɪkjəleɪt/,आर्टिक्युलेट,"eloquent, fluent",inarticulate,"[{""en"": ""He is articulate during presentations."", ""hi"": ""वह प्रस्तुतियों में स्पष्ट बोलता है।""}]"
2026-06-08,versatile,versatile,able to adapt to many functions,बहुमुखी,,adjective,/ˈvɜːrsətaɪl/,वर्सेटाइल,"flexible, adaptable",limited,"[{""en"": ""A versatile developer can handle multiple tasks."", ""hi"": ""एक बहुमुखी डेवलपर कई कार्य संभाल सकता है।""}]"
2026-06-09,strategic,strategic,related to long-term planning,रणनीतिक,,adjective,/strəˈtiːdʒɪk/,स्ट्रैटेजिक,"planned, calculated",random,"[{""en"": ""Strategic decisions shape business growth."", ""hi"": ""रणनीतिक निर्णय व्यवसाय की वृद्धि तय करते हैं।""}]"
2026-06-10,proficient,proficient,skilled and competent,निपुण,,adjective,/prəˈfɪʃənt/,प्रोफिशिएंट,"skilled, expert",unskilled,"[{""en"": ""She is proficient in software development."", ""hi"": ""वह सॉफ्टवेयर विकास में निपुण है।""}]"
